Selectivity,Tree_Traverse,Alias,Double-Alias
0.24864942641554433,0.024004697799682617,0.0019974708557128906,0.0009980201721191406
0.24864942641554433,0.023999929428100586,0.0019998550415039062,0.0020003318786621094
0.24864942641554433,0.02300262451171875,0.0020046234130859375,0.0010001659393310547
0.24864942641554433,0.024514436721801758,0.001997709274291992,0.0009999275207519531
0.24864942641554433,0.026003122329711914,0.0029973983764648438,0.002000093460083008
0.24864942641554433,0.026999473571777344,0.0030028820037841797,0.0009984970092773438
0.24864942641554433,0.023513317108154297,0.0019996166229248047,0.002000093460083008
0.24864942641554433,0.023999929428100586,0.0020017623901367188,0.0009989738464355469
0.24864942641554433,0.023999691009521484,0.002000570297241211,0.0009989738464355469
0.24864942641554433,0.024000167846679688,0.0020003318786621094,0.0010106563568115234
0.03578139517081136,0.018504858016967773,0.0019998550415039062,0.0010001659393310547
0.03578139517081136,0.01900029182434082,0.0020017623901367188,0.0009980201721191406
0.03578139517081136,0.018000125885009766,0.0020020008087158203,0.0009980201721191406
0.03578139517081136,0.018999814987182617,0.0009999275207519531,0.0010004043579101562
0.03578139517081136,0.01800370216369629,0.002004861831665039,0.0009949207305908203
0.03578139517081136,0.018509387969970703,0.0010001659393310547,0.0019998550415039062
0.03578139517081136,0.018000125885009766,0.0009999275207519531,0.0020003318786621094
0.03578139517081136,0.018001079559326172,0.0019986629486083984,0.0009999275207519531
0.03578139517081136,0.018999814987182617,0.002000570297241211,0.0009999275207519531
0.03578139517081136,0.018009662628173828,0.002000570297241211,0.001003265380859375
0.8561671169316858,0.02750992774963379,0.003000020980834961,0.0009996891021728516
0.8561671169316858,0.02700018882751465,0.002000093460083008,0.002000093460083008
0.8561671169316858,0.028004169464111328,0.002000093460083008,0.0010001659393310547
0.8561671169316858,0.028509855270385742,0.002000093460083008,0.0009999275207519531
0.8561671169316858,0.028000354766845703,0.0019998550415039062,0.002000093460083008
0.8561671169316858,0.028002262115478516,0.0019979476928710938,0.0010046958923339844
0.8561671169316858,0.028511524200439453,0.0020003318786621094,0.00099945068359375
0.8561671169316858,0.028000354766845703,0.0019996166229248047,0.0010001659393310547
0.8561671169316858,0.028002262115478516,0.001999378204345703,0.001998424530029297
0.8561671169316858,0.027513742446899414,0.0019998550415039062,0.002000093460083008
0.362499003165479,0.025000333786010742,0.0019998550415039062,0.0009999275207519531
0.362499003165479,0.02500009536743164,0.0019998550415039062,0.002000093460083008
0.362499003165479,0.024004220962524414,0.0020003318786621094,0.0020020008087158203
0.362499003165479,0.024509191513061523,0.003005504608154297,0.0009970664978027344
0.362499003165479,0.024997472763061523,0.0019998550415039062,0.0020003318786621094
0.362499003165479,0.02499985694885254,0.002000093460083008,0.0009999275207519531
0.362499003165479,0.02551436424255371,0.0019998550415039062,0.0009999275207519531
0.362499003165479,0.02499985694885254,0.002000093460083008,0.0009999275207519531
0.362499003165479,0.026000022888183594,0.0020020008087158203,0.0009980201721191406
0.362499003165479,0.024000883102416992,0.002000093460083008,0.0010046958923339844
0.6674787328740089,0.02750992774963379,0.0029997825622558594,0.0009999275207519531
0.6674787328740089,0.02700018882751465,0.002000093460083008,0.0019998550415039062
0.6674787328740089,0.026999950408935547,0.002004384994506836,0.0020034313201904297
0.6674787328740089,0.029422760009765625,0.0019996166229248047,0.0010018348693847656
0.6674787328740089,0.027999162673950195,0.0019996166229248047,0.0019998550415039062
0.6674787328740089,0.026999711990356445,0.002000093460083008,0.002000093460083008
0.6674787328740089,0.027516841888427734,0.0019998550415039062,0.0010001659393310547
0.6674787328740089,0.0279998779296875,0.002000093460083008,0.0009999275207519531
0.6674787328740089,0.0279998779296875,0.0020003318786621094,0.0009996891021728516
0.6674787328740089,0.027518272399902344,0.001996278762817383,0.0009999275207519531
0.16387438219377426,0.023000240325927734,0.002000093460083008,0.0009996891021728516
0.16387438219377426,0.02300429344177246,0.0019958019256591797,0.0009999275207519531
0.16387438219377426,0.023000717163085938,0.0019996166229248047,0.0009999275207519531
0.16387438219377426,0.022518157958984375,0.001999378204345703,0.0019996166229248047
0.16387438219377426,0.021999835968017578,0.0020012855529785156,0.0010027885437011719
0.16387438219377426,0.022996187210083008,0.002001047134399414,0.0009989738464355469
0.16387438219377426,0.02300405502319336,0.0030014514923095703,0.0009992122650146484
0.16387438219377426,0.022509336471557617,0.002000093460083008,0.0010004043579101562
0.16387438219377426,0.02299952507019043,0.002000093460083008,0.002001523971557617
0.16387438219377426,0.02299785614013672,0.0020003318786621094,0.0010001659393310547
0.7930734956419299,0.028003931045532227,0.002000570297241211,0.0019998550415039062
0.7930734956419299,0.02851080894470215,0.0019998550415039062,0.0009999275207519531
0.7930734956419299,0.0280001163482666,0.003012418746948242,0.0009925365447998047
0.7930734956419299,0.02899956703186035,0.002000093460083008,0.0009999275207519531
0.7930734956419299,0.029511213302612305,0.0019998550415039062,0.001001119613647461
0.7930734956419299,0.029003143310546875,0.001996278762817383,0.00099945068359375
0.7930734956419299,0.02800440788269043,0.003000020980834961,0.0010001659393310547
0.7930734956419299,0.028508424758911133,0.002000093460083008,0.0009999275207519531
0.7930734956419299,0.029000043869018555,0.003000020980834961,0.0010001659393310547
0.7930734956419299,0.028999805450439453,0.002004384994506836,0.0010001659393310547
0.5338826936866348,0.028484106063842773,0.002000093460083008,0.0009999275207519531
0.5338826936866348,0.0279996395111084,0.0020003318786621094,0.0009999275207519531
0.5338826936866348,0.029000043869018555,0.002001047134399414,0.0019989013671875
0.5338826936866348,0.027164936065673828,0.0019998550415039062,0.0010001659393310547
0.5338826936866348,0.026999711990356445,0.002000093460083008,0.002000093460083008
0.5338826936866348,0.02700018882751465,0.0019998550415039062,0.0010001659393310547
0.5338826936866348,0.02751016616821289,0.002005338668823242,0.0019998550415039062
0.5338826936866348,0.026999950408935547,0.002000093460083008,0.0010001659393310547
0.5338826936866348,0.0280001163482666,0.0019996166229248047,0.0020017623901367188
0.5338826936866348,0.028003692626953125,0.0019989013671875,0.0010004043579101562
0.228199338417156,0.024514436721801758,0.0019969940185546875,0.00099945068359375
0.228199338417156,0.024999380111694336,0.0020003318786621094,0.0009996891021728516
0.228199338417156,0.02400064468383789,0.0019996166229248047,0.002000093460083008
0.228199338417156,0.02351522445678711,0.0019998550415039062,0.002000093460083008
0.228199338417156,0.023999929428100586,0.0019998550415039062,0.0010001659393310547
0.228199338417156,0.02500152587890625,0.001998424530029297,0.0010001659393310547
0.228199338417156,0.025004863739013672,0.0019998550415039062,0.0010001659393310547
0.228199338417156,0.025508880615234375,0.002000093460083008,0.0009999275207519531
0.228199338417156,0.023999929428100586,0.002000093460083008,0.0020036697387695312
0.228199338417156,0.023996591567993164,0.0019998550415039062,0.0009999275207519531
0.5208761291849736,0.02751898765563965,0.001996755599975586,0.0009999275207519531
0.5208761291849736,0.028005361557006836,0.0019948482513427734,0.0010001659393310547
0.5208761291849736,0.0279996395111084,0.002000093460083008,0.0009999275207519531
0.5208761291849736,0.028005123138427734,0.0019998550415039062,0.0009996891021728516
0.5208761291849736,0.027509450912475586,0.0020041465759277344,0.0019958019256591797
0.5208761291849736,0.026999711990356445,0.002000093460083008,0.0019996166229248047
0.5208761291849736,0.027010202407836914,0.0019943714141845703,0.002003908157348633
0.5208761291849736,0.026508331298828125,0.0019998550415039062,0.0019998550415039062
0.5208761291849736,0.02700018882751465,0.0019998550415039062,0.0010001659393310547
0.5208761291849736,0.028011560440063477,0.0020046234130859375,0.0019838809967041016
0.7116395959714317,0.02751302719116211,0.002000093460083008,0.0009996891021728516
0.7116395959714317,0.028000354766845703,0.002000093460083008,0.0020029544830322266
0.7116395959714317,0.028001785278320312,0.0019953250885009766,0.0019998550415039062
0.7116395959714317,0.028515100479125977,0.0019998550415039062,0.002000093460083008
0.7116395959714317,0.0279996395111084,0.002000093460083008,0.0019996166229248047
0.7116395959714317,0.028000354766845703,0.0020041465759277344,0.0009963512420654297
0.7116395959714317,0.02851271629333496,0.0020017623901367188,0.0009987354278564453
0.7116395959714317,0.028000593185424805,0.0019996166229248047,0.001999378204345703
0.7116395959714317,0.028001070022583008,0.0019989013671875,0.0020003318786621094
0.7116395959714317,0.02800583839416504,0.0025124549865722656,0.0010051727294921875
0.09188919116786154,0.02200031280517578,0.0019998550415039062,0.0010004043579101562
0.09188919116786154,0.022005081176757812,0.001994609832763672,0.0009999275207519531
0.09188919116786154,0.021000146865844727,0.002000093460083008,0.0019998550415039062
0.09188919116786154,0.021004438400268555,0.0009999275207519531,0.002508878707885742
0.09188919116786154,0.020999908447265625,0.0019998550415039062,0.0009999275207519531
0.09188919116786154,0.022000551223754883,0.0020003318786621094,0.0019998550415039062
0.09188919116786154,0.021999597549438477,0.0020051002502441406,0.000995635986328125
0.09188919116786154,0.02200484275817871,0.00099945068359375,0.0015077590942382812
0.09188919116786154,0.02200603485107422,0.0019998550415039062,0.002001047134399414
0.09188919116786154,0.020998716354370117,0.002000093460083008,0.0009999275207519531
0.22564742479670352,0.02500009536743164,0.002000093460083008,0.0010001659393310547
0.22564742479670352,0.024517536163330078,0.0019998550415039062,0.0010001659393310547
0.22564742479670352,0.023999929428100586,0.0020041465759277344,0.002000570297241211
0.22564742479670352,0.023995161056518555,0.0020058155059814453,0.0009944438934326172
0.22564742479670352,0.025004148483276367,0.002000093460083008,0.0009999275207519531
0.22564742479670352,0.02450871467590332,0.002000093460083008,0.002000093460083008
0.22564742479670352,0.023999691009521484,0.0020034313201904297,0.0009968280792236328
0.22564742479670352,0.024999618530273438,0.0020003318786621094,0.0009999275207519531
0.22564742479670352,0.025004863739013672,0.0019998550415039062,0.0015060901641845703
0.22564742479670352,0.02400517463684082,0.002000093460083008,0.0019998550415039062
0.7137334952332083,0.0280001163482666,0.0019998550415039062,0.002000093460083008
0.7137334952332083,0.02800440788269043,0.0020003318786621094,0.0019998550415039062
0.7137334952332083,0.02751016616821289,0.0019998550415039062,0.002000093460083008
0.7137334952332083,0.0279998779296875,0.002001523971557617,0.001998424530029297
0.7137334952332083,0.0280001163482666,0.0020046234130859375,0.0009999275207519531
0.7137334952332083,0.02851080894470215,0.002000093460083008,0.0020008087158203125
0.7137334952332083,0.027998924255371094,0.002000093460083008,0.0020008087158203125
0.7137334952332083,0.027999401092529297,0.002000093460083008,0.0019998550415039062
0.7137334952332083,0.028513431549072266,0.0019998550415039062,0.0009999275207519531
0.7137334952332083,0.028000354766845703,0.0019996166229248047,0.0019998550415039062
0.5540481165360015,0.0280001163482666,0.002000093460083008,0.0009999275207519531
0.5540481165360015,0.027515649795532227,0.0030035972595214844,0.0009963512420654297
0.5540481165360015,0.0280001163482666,0.0019998550415039062,0.002000093460083008
0.5540481165360015,0.0280001163482666,0.0019998550415039062,0.002000093460083008
0.5540481165360015,0.02751946449279785,0.001996755599975586,0.0009992122650146484
0.5540481165360015,0.02800273895263672,0.0019974708557128906,0.0020012855529785156
0.5540481165360015,0.027998924255371094,0.002000093460083008,0.0009996891021728516
0.5540481165360015,0.02800440788269043,0.0019998550415039062,0.0010001659393310547
0.5540481165360015,0.0275113582611084,0.002000093460083008,0.002000093460083008
0.5540481165360015,0.02700018882751465,0.0019998550415039062,0.0020008087158203125
0.4844482267136927,0.027004003524780273,0.0020020008087158203,0.000997781753540039
0.4844482267136927,0.027513504028320312,0.001999378204345703,0.0010001659393310547
0.4844482267136927,0.027000904083251953,0.002000093460083008,0.002000570297241211
0.4844482267136927,0.026000261306762695,0.002998828887939453,0.0009999275207519531
0.4844482267136927,0.026516199111938477,0.0020003318786621094,0.0009996891021728516
0.4844482267136927,0.02599954605102539,0.002000570297241211,0.002003908157348633
0.4844482267136927,0.025995969772338867,0.002000093460083008,0.002000570297241211
0.4844482267136927,0.026003599166870117,0.0010001659393310547,0.0025141239166259766
0.4844482267136927,0.025998592376708984,0.0020051002502441406,0.0019953250885009766
0.4844482267136927,0.025999784469604492,0.0030002593994140625,0.0009996891021728516
0.8065177295588539,0.02800464630126953,0.003000020980834961,0.0010006427764892578
0.8065177295588539,0.02851700782775879,0.0019979476928710938,0.0020003318786621094
0.8065177295588539,0.0279998779296875,0.0019998550415039062,0.0019998550415039062
0.8065177295588539,0.02800440788269043,0.0020024776458740234,0.001997232437133789
0.8065177295588539,0.02850961685180664,0.0020003318786621094,0.0019998550415039062
0.8065177295588539,0.029000043869018555,0.0019996166229248047,0.002000093460083008
0.8065177295588539,0.028000593185424805,0.001999378204345703,0.002004384994506836
0.8065177295588539,0.029511690139770508,0.0020003318786621094,0.0010046958923339844
0.8065177295588539,0.028995275497436523,0.0020036697387695312,0.0019960403442382812
0.8065177295588539,0.029004812240600586,0.0019953250885009766,0.0009999275207519531
0.4851375564578865,0.026515483856201172,0.003000497817993164,0.00099945068359375
0.4851375564578865,0.02700018882751465,0.002000570297241211,0.0019998550415039062
0.4851375564578865,0.026999235153198242,0.002000093460083008,0.0019998550415039062
0.4851375564578865,0.02651691436767578,0.002000093460083008,0.0010001659393310547
0.4851375564578865,0.026999711990356445,0.0019998550415039062,0.0020003318786621094
0.4851375564578865,0.026005268096923828,0.0019948482513427734,0.002000093460083008
0.4851375564578865,0.02600407600402832,0.002000093460083008,0.0019998550415039062
0.4851375564578865,0.02650904655456543,0.0020003318786621094,0.0010020732879638672
0.4851375564578865,0.026997804641723633,0.002001523971557617,0.001998424530029297
0.4851375564578865,0.025999784469604492,0.0030050277709960938,0.0010001659393310547
0.004381165436382561,0.012507438659667969,0.0020051002502441406,0.0010004043579101562
0.004381165436382561,0.012999773025512695,0.0009999275207519531,0.0009999275207519531
0.004381165436382561,0.013000249862670898,0.0019998550415039062,0.0009999275207519531
0.004381165436382561,0.012000322341918945,0.0019998550415039062,0.0009999275207519531
0.004381165436382561,0.012005090713500977,0.001995086669921875,0.0010001659393310547
0.004381165436382561,0.012999296188354492,0.0010006427764892578,0.0009996891021728516
0.004381165436382561,0.013004779815673828,0.0009999275207519531,0.0010001659393310547
0.004381165436382561,0.012508869171142578,0.002000570297241211,0.0009999275207519531
0.004381165436382561,0.012003898620605469,0.001996278762817383,0.0009999275207519531
0.004381165436382561,0.011999845504760742,0.002000570297241211,0.0009989738464355469
0.20733492423668576,0.02400064468383789,0.0029997825622558594,0.0010001659393310547
0.20733492423668576,0.025003910064697266,0.002001523971557617,0.0009989738464355469
0.20733492423668576,0.02650904655456543,0.0019996166229248047,0.0010008811950683594
0.20733492423668576,0.024999618530273438,0.0009999275207519531,0.002000093460083008
0.20733492423668576,0.02400064468383789,0.0019989013671875,0.002000570297241211
0.20733492423668576,0.02451467514038086,0.002000093460083008,0.0010025501251220703
0.20733492423668576,0.02399754524230957,0.002000093460083008,0.0019998550415039062
0.20733492423668576,0.024000167846679688,0.0019996166229248047,0.0010001659393310547
0.20733492423668576,0.02500462532043457,0.002000093460083008,0.0009996891021728516
0.20733492423668576,0.02451157569885254,0.0019996166229248047,0.0010020732879638672
0.9616945666898825,0.02899789810180664,0.003000974655151367,0.00099945068359375
0.9616945666898825,0.029003381729125977,0.001996278762817383,0.0009999275207519531
0.9616945666898825,0.029515981674194336,0.002002239227294922,0.0019953250885009766
0.9616945666898825,0.028000354766845703,0.0029997825622558594,0.0010001659393310547
0.9616945666898825,0.028999805450439453,0.0020003318786621094,0.0019998550415039062
0.9616945666898825,0.028516530990600586,0.0030002593994140625,0.0009999275207519531
0.9616945666898825,0.029000282287597656,0.002000093460083008,0.002003192901611328
0.9616945666898825,0.028996944427490234,0.0019996166229248047,0.0010001659393310547
0.9616945666898825,0.02951335906982422,0.0019998550415039062,0.002000093460083008
0.9616945666898825,0.02900385856628418,0.0019960403442382812,0.002000093460083008
0.8684604415919154,0.0279998779296875,0.002000093460083008,0.0020041465759277344
0.8684604415919154,0.028512001037597656,0.002004861831665039,0.0019948482513427734
0.8684604415919154,0.028000354766845703,0.0030007362365722656,0.0009989738464355469
0.8684604415919154,0.029000282287597656,0.0020003318786621094,0.0010042190551757812
0.8684604415919154,0.029512405395507812,0.0019969940185546875,0.0009999275207519531
0.8684604415919154,0.029000282287597656,0.0019998550415039062,0.0019998550415039062
0.8684604415919154,0.0280001163482666,0.0019998550415039062,0.002000093460083008
0.8684604415919154,0.028521060943603516,0.0019996166229248047,0.002000093460083008
0.8684604415919154,0.02800154685974121,0.0030024051666259766,0.0009963512420654297
0.8684604415919154,0.028999805450439453,0.0019998550415039062,0.0019998550415039062
0.44893252768802583,0.02700495719909668,0.0009999275207519531,0.0015039443969726562
0.44893252768802583,0.027004718780517578,0.002000093460083008,0.0010004043579101562
0.44893252768802583,0.026999711990356445,0.0019998550415039062,0.002000093460083008
0.44893252768802583,0.027008533477783203,0.0019998550415039062,0.0009965896606445312
0.44893252768802583,0.027205228805541992,0.0020003318786621094,0.0010023117065429688
0.44893252768802583,0.027999162673950195,0.001998424530029297,0.0010030269622802734
0.44893252768802583,0.02799701690673828,0.0020024776458740234,0.0019989013671875
0.44893252768802583,0.026520252227783203,0.0019981861114501953,0.0020003318786621094
0.44893252768802583,0.026999235153198242,0.0019998550415039062,0.0009999275207519531
0.44893252768802583,0.02700042724609375,0.0019998550415039062,0.0009999275207519531
0.6145759699938235,0.02751302719116211,0.002000093460083008,0.0019998550415039062
0.6145759699938235,0.028001070022583008,0.0019991397857666016,0.0010001659393310547
0.6145759699938235,0.0280001163482666,0.0019998550415039062,0.0019998550415039062
0.6145759699938235,0.028005123138427734,0.002000093460083008,0.0010020732879638672
0.6145759699938235,0.028339624404907227,0.0020029544830322266,0.001997709274291992
0.6145759699938235,0.027998685836791992,0.0020003318786621094,0.0010001659393310547
0.6145759699938235,0.028003931045532227,0.0020003318786621094,0.0019998550415039062
0.6145759699938235,0.02751755714416504,0.001994609832763672,0.0019998550415039062
0.6145759699938235,0.0279998779296875,0.002000093460083008,0.0010001659393310547
0.6145759699938235,0.028004169464111328,0.0020012855529785156,0.0009982585906982422
0.15397266289769962,0.02426910400390625,0.0009996891021728516,0.0019991397857666016
0.15397266289769962,0.023000001907348633,0.0020017623901367188,0.002002716064453125
0.15397266289769962,0.022995710372924805,0.0020003318786621094,0.0010046958923339844
0.15397266289769962,0.023999929428100586,0.0019998550415039062,0.0010001659393310547
0.15397266289769962,0.023511648178100586,0.002003192901611328,0.000997304916381836
0.15397266289769962,0.024000167846679688,0.0019998550415039062,0.001001596450805664
0.15397266289769962,0.023998260498046875,0.0020062923431396484,0.0009944438934326172
0.15397266289769962,0.023508787155151367,0.002004861831665039,0.0009996891021728516
0.15397266289769962,0.023000001907348633,0.002000093460083008,0.002003908157348633
0.15397266289769962,0.02299642562866211,0.0019998550415039062,0.0009999275207519531
0.6899002306268808,0.028999805450439453,0.0020046234130859375,0.0010001659393310547
0.6899002306268808,0.028512001037597656,0.0019998550415039062,0.002000093460083008
0.6899002306268808,0.0279998779296875,0.002000093460083008,0.0019998550415039062
0.6899002306268808,0.0279998779296875,0.0020003318786621094,0.0019998550415039062
0.6899002306268808,0.027513742446899414,0.002000093460083008,0.0020034313201904297
0.6899002306268808,0.02799701690673828,0.0020003318786621094,0.0019991397857666016
0.6899002306268808,0.028000593185424805,0.0019996166229248047,0.0020003318786621094
0.6899002306268808,0.027515888214111328,0.003000020980834961,0.0009999275207519531
0.6899002306268808,0.0280001163482666,0.002000093460083008,0.002003908157348633
0.6899002306268808,0.028995752334594727,0.002002716064453125,0.0009975433349609375
0.7797147318317756,0.029514074325561523,0.0019996166229248047,0.002000093460083008
0.7797147318317756,0.028005123138427734,0.002994537353515625,0.0010004043579101562
0.7797147318317756,0.03000020980834961,0.0019996166229248047,0.0010018348693847656
0.7797147318317756,0.029517412185668945,0.0019998550415039062,0.002002716064453125
0.7797147318317756,0.02899909019470215,0.0019969940185546875,0.0010001659393310547
0.7797147318317756,0.028999805450439453,0.0019998550415039062,0.0020041465759277344
0.7797147318317756,0.028510570526123047,0.002002239227294922,0.001996278762817383
0.7797147318317756,0.02899956703186035,0.0020003318786621094,0.0009999275207519531
0.7797147318317756,0.0280001163482666,0.0019996166229248047,0.002000093460083008
0.7797147318317756,0.02800464630126953,0.002504110336303711,0.002008676528930664
0.7573987408491727,0.027996301651000977,0.003000020980834961,0.0010018348693847656
0.7573987408491727,0.028998136520385742,0.003003835678100586,0.0009961128234863281
0.7573987408491727,0.02800440788269043,0.0030007362365722656,0.0010068416595458984
0.7573987408491727,0.029511451721191406,0.0019986629486083984,0.0020046234130859375
0.7573987408491727,0.028995752334594727,0.0019998550415039062,0.0009999275207519531
0.7573987408491727,0.03000617027282715,0.0019986629486083984,0.0009999275207519531
0.7573987408491727,0.029511690139770508,0.0019998550415039062,0.0010004043579101562
0.7573987408491727,0.029000043869018555,0.002000570297241211,0.001999378204345703
0.7573987408491727,0.02901005744934082,0.001994609832763672,0.0009996891021728516
0.7573987408491727,0.02951359748840332,0.0020132064819335938,0.0019876956939697266
0.3881883729151958,0.027005672454833984,0.0019931793212890625,0.0010004043579101562
0.3881883729151958,0.026000261306762695,0.003004312515258789,0.0010001659393310547
0.3881883729151958,0.026511430740356445,0.0020003318786621094,0.0009999275207519531
0.3881883729151958,0.026999950408935547,0.0020012855529785156,0.0019986629486083984
0.3881883729151958,0.02700328826904297,0.001996755599975586,0.0009999275207519531
0.3881883729151958,0.027516603469848633,0.002000093460083008,0.001001119613647461
0.3881883729151958,0.02700042724609375,0.0019986629486083984,0.0009999275207519531
0.3881883729151958,0.026999711990356445,0.0020024776458740234,0.0019986629486083984
0.3881883729151958,0.026003360748291016,0.0019998550415039062,0.002000570297241211
0.3881883729151958,0.026511430740356445,0.002000093460083008,0.0010001659393310547
0.8960667081271886,0.028999805450439453,0.003000020980834961,0.0010018348693847656
0.8960667081271886,0.029002904891967773,0.0020041465759277344,0.0019960403442382812
0.8960667081271886,0.028509855270385742,0.003000020980834961,0.001004934310913086
0.8960667081271886,0.028998374938964844,0.0019974708557128906,0.001999378204345703
0.8960667081271886,0.029004573822021484,0.003002643585205078,0.0009980201721191406
0.8960667081271886,0.029511451721191406,0.002000093460083008,0.0019996166229248047
0.8960667081271886,0.03000020980834961,0.0020074844360351562,0.001996278762817383
0.8960667081271886,0.029000520706176758,0.002000093460083008,0.002000093460083008
0.8960667081271886,0.02850937843322754,0.002000093460083008,0.002001047134399414
0.8960667081271886,0.028998851776123047,0.002000093460083008,0.002000093460083008
0.41629689583736496,0.027006149291992188,0.0019981861114501953,0.001001596450805664
0.41629689583736496,0.026511430740356445,0.0019998550415039062,0.002000093460083008
0.41629689583736496,0.025999784469604492,0.0030035972595214844,0.0009965896606445312
0.41629689583736496,0.027001380920410156,0.0019981861114501953,0.0009999275207519531
0.41629689583736496,0.026514053344726562,0.0020003318786621094,0.002000093460083008
0.41629689583736496,0.025999784469604492,0.003000020980834961,0.0009999275207519531
0.41629689583736496,0.02700018882751465,0.0019998550415039062,0.0010001659393310547
0.41629689583736496,0.027005434036254883,0.001999378204345703,0.0015113353729248047
0.41629689583736496,0.02700042724609375,0.001999378204345703,0.0010004043579101562
0.41629689583736496,0.027001142501831055,0.0020003318786621094,0.000997781753540039
0.42593987366512587,0.027011871337890625,0.001992940902709961,0.0010001659393310547
0.42593987366512587,0.027509689331054688,0.0020003318786621094,0.00099945068359375
0.42593987366512587,0.026999950408935547,0.002000093460083008,0.0009996891021728516
0.42593987366512587,0.02700042724609375,0.0019998550415039062,0.001005411148071289
0.42593987366512587,0.027510643005371094,0.002000093460083008,0.0009999275207519531
0.42593987366512587,0.02700018882751465,0.0019998550415039062,0.0009999275207519531
0.42593987366512587,0.02700018882751465,0.0019996166229248047,0.0010004043579101562
0.42593987366512587,0.026004314422607422,0.00251007080078125,0.0009996891021728516
0.42593987366512587,0.026000261306762695,0.0019998550415039062,0.0019998550415039062
0.42593987366512587,0.026000022888183594,0.0019996166229248047,0.002000570297241211
0.2422248875633397,0.024004697799682617,0.0019998550415039062,0.002004384994506836
0.2422248875633397,0.024507522583007812,0.002000093460083008,0.0010001659393310547
0.2422248875633397,0.024000167846679688,0.0029997825622558594,0.0010001659393310547
0.2422248875633397,0.023999452590942383,0.002000093460083008,0.002001047134399414
0.2422248875633397,0.02400350570678711,0.002512216567993164,0.000997304916381836
0.2422248875633397,0.024999618530273438,0.002000093460083008,0.0009999275207519531
0.2422248875633397,0.02500009536743164,0.002000093460083008,0.0010001659393310547
0.2422248875633397,0.025002241134643555,0.0019974708557128906,0.001004934310913086
0.2422248875633397,0.024510860443115234,0.0020003318786621094,0.0019998550415039062
0.2422248875633397,0.024000167846679688,0.0020003318786621094,0.0020017623901367188
0.5734059148486214,0.02799820899963379,0.0019998550415039062,0.002008199691772461
0.5734059148486214,0.028516292572021484,0.0030014514923095703,0.0009984970092773438
0.5734059148486214,0.027997493743896484,0.003001689910888672,0.0009996891021728516
0.5734059148486214,0.02799844741821289,0.002000570297241211,0.0019989013671875
0.5734059148486214,0.028004884719848633,0.0025124549865722656,0.00099945068359375
0.5734059148486214,0.027999401092529297,0.0030014514923095703,0.0009989738464355469
0.5734059148486214,0.0280001163482666,0.0020012855529785156,0.001998424530029297
0.5734059148486214,0.028004884719848633,0.0019998550415039062,0.0009999275207519531
0.5734059148486214,0.02851700782775879,0.002000093460083008,0.0020003318786621094
0.5734059148486214,0.0279998779296875,0.002000093460083008,0.0020008087158203125
0.5385349957067506,0.028010845184326172,0.001997232437133789,0.0009968280792236328
0.5385349957067506,0.028528928756713867,0.001985788345336914,0.001999378204345703
0.5385349957067506,0.0279998779296875,0.002003908157348633,0.0009961128234863281
0.5385349957067506,0.029011011123657227,0.002000093460083008,0.0020003318786621094
0.5385349957067506,0.028527259826660156,0.0019996166229248047,0.0009980201721191406
0.5385349957067506,0.029000282287597656,0.0019996166229248047,0.0010004043579101562
0.5385349957067506,0.029000043869018555,0.0019996166229248047,0.0020067691802978516
0.5385349957067506,0.028515338897705078,0.0020003318786621094,0.0009999275207519531
0.5385349957067506,0.02899932861328125,0.0020072460174560547,0.0019969940185546875
0.5385349957067506,0.027996063232421875,0.0020003318786621094,0.0009996891021728516
0.2236776981177795,0.02551412582397461,0.0019998550415039062,0.0010001659393310547
0.2236776981177795,0.02499985694885254,0.002000570297241211,0.0009992122650146484
0.2236776981177795,0.02500009536743164,0.002001523971557617,0.002001047134399414
0.2236776981177795,0.0240023136138916,0.0019998550415039062,0.001999378204345703
0.2236776981177795,0.024509668350219727,0.0020020008087158203,0.0009987354278564453
0.2236776981177795,0.02500128746032715,0.001997709274291992,0.0009999275207519531
0.2236776981177795,0.025003671646118164,0.0019965171813964844,0.0009999275207519531
0.2236776981177795,0.025078773498535156,0.0019996166229248047,0.0020003318786621094
0.2236776981177795,0.024999618530273438,0.002001047134399414,0.0009987354278564453
0.2236776981177795,0.025000333786010742,0.002000093460083008,0.0019998550415039062
0.26460635516257724,0.025007009506225586,0.001998424530029297,0.002000093460083008
0.26460635516257724,0.025519371032714844,0.002000570297241211,0.0009996891021728516
0.26460635516257724,0.026000022888183594,0.0019998550415039062,0.0010001659393310547
0.26460635516257724,0.026000022888183594,0.0019998550415039062,0.0020003318786621094
0.26460635516257724,0.02551746368408203,0.0019998550415039062,0.0009999275207519531
0.26460635516257724,0.026000499725341797,0.0019996166229248047,0.0010001659393310547
0.26460635516257724,0.02599954605102539,0.002000093460083008,0.0020017623901367188
0.26460635516257724,0.026004314422607422,0.0029997825622558594,0.0010018348693847656
0.26460635516257724,0.02650928497314453,0.002000093460083008,0.0010004043579101562
0.26460635516257724,0.025999784469604492,0.0019998550415039062,0.002000093460083008
0.4367198121873067,0.026000261306762695,0.0030083656311035156,0.0009999275207519531
0.4367198121873067,0.026522397994995117,0.0019919872283935547,0.001999378204345703
0.4367198121873067,0.026000261306762695,0.001999378204345703,0.002004861831665039
0.4367198121873067,0.025995254516601562,0.002000093460083008,0.0019998550415039062
0.4367198121873067,0.026516199111938477,0.002002239227294922,0.000997781753540039
0.4367198121873067,0.02700042724609375,0.0020003318786621094,0.00099945068359375
0.4367198121873067,0.026999711990356445,0.0029997825622558594,0.0010001659393310547
0.4367198121873067,0.027004480361938477,0.0019998550415039062,0.0010001659393310547
0.4367198121873067,0.026509523391723633,0.0019998550415039062,0.002001523971557617
0.4367198121873067,0.0260007381439209,0.0019974708557128906,0.002000093460083008
0.17562054632802016,0.02400064468383789,0.0009989738464355469,0.0020093917846679688
0.17562054632802016,0.023507118225097656,0.0019998550415039062,0.0009999275207519531
0.17562054632802016,0.023999929428100586,0.0019998550415039062,0.0010001659393310547
0.17562054632802016,0.02300238609313965,0.001999378204345703,0.001998424530029297
0.17562054632802016,0.023006439208984375,0.001997709274291992,0.0020008087158203125
0.17562054632802016,0.02251458168029785,0.0029952526092529297,0.0009999275207519531
0.17562054632802016,0.023000240325927734,0.002002239227294922,0.0019974708557128906
0.17562054632802016,0.023000240325927734,0.002003192901611328,0.001996755599975586
0.17562054632802016,0.023003816604614258,0.002000570297241211,0.0015063285827636719
0.17562054632802016,0.023005247116088867,0.002000093460083008,0.0009999275207519531
0.13161336442529004,0.024001359939575195,0.0019986629486083984,0.0010001659393310547
0.13161336442529004,0.023999929428100586,0.0019998550415039062,0.0009999275207519531
0.13161336442529004,0.023514986038208008,0.002000093460083008,0.0009999275207519531
0.13161336442529004,0.023999929428100586,0.002000093460083008,0.0009999275207519531
0.13161336442529004,0.023000001907348633,0.0020003318786621094,0.0010037422180175781
0.13161336442529004,0.02399587631225586,0.0010001659393310547,0.0010004043579101562
0.13161336442529004,0.023511409759521484,0.0019998550415039062,0.0010001659393310547
0.13161336442529004,0.023999929428100586,0.0020058155059814453,0.000995635986328125
0.13161336442529004,0.022998571395874023,0.002000093460083008,0.0019996166229248047
0.13161336442529004,0.02300548553466797,0.0009992122650146484,0.0010001659393310547
0.18664581425212368,0.023511648178100586,0.002000093460083008,0.0009996891021728516
0.18664581425212368,0.024000167846679688,0.0019996166229248047,0.0009999275207519531
0.18664581425212368,0.023000001907348633,0.002000093460083008,0.0020003318786621094
0.18664581425212368,0.023005247116088867,0.0019989013671875,0.001506805419921875
0.18664581425212368,0.024005413055419922,0.0019996166229248047,0.0010001659393310547
0.18664581425212368,0.02400040626525879,0.0019998550415039062,0.0010001659393310547
0.18664581425212368,0.023999929428100586,0.0020003318786621094,0.0010001659393310547
0.18664581425212368,0.024514198303222656,0.0019998550415039062,0.0010001659393310547
0.18664581425212368,0.02400040626525879,0.001999378204345703,0.0009999275207519531
0.18664581425212368,0.023000478744506836,0.002000093460083008,0.0009999275207519531
0.7713351430230477,0.029004573822021484,0.002000093460083008,0.0019998550415039062
0.7713351430230477,0.028511762619018555,0.0019998550415039062,0.002000093460083008
0.7713351430230477,0.029000043869018555,0.002002239227294922,0.0019974708557128906
0.7713351430230477,0.0290071964263916,0.0020003318786621094,0.002000093460083008
0.7713351430230477,0.028519153594970703,0.002000093460083008,0.002000093460083008
0.7713351430230477,0.028000831604003906,0.0019991397857666016,0.0019998550415039062
0.7713351430230477,0.02900528907775879,0.0019996166229248047,0.0019998550415039062
0.7713351430230477,0.028516292572021484,0.001995086669921875,0.002004384994506836
0.7713351430230477,0.028995990753173828,0.0020008087158203125,0.00099945068359375
0.7713351430230477,0.02900385856628418,0.0030014514923095703,0.0019989013671875
0.0858554858006676,0.02151012420654297,0.002000093460083008,0.002000093460083008
0.0858554858006676,0.01999974250793457,0.002000093460083008,0.0019998550415039062
0.0858554858006676,0.019999980926513672,0.002000093460083008,0.0020003318786621094
0.0858554858006676,0.021007537841796875,0.0019996166229248047,0.0010004043579101562
0.0858554858006676,0.021514892578125,0.0020003318786621094,0.0020003318786621094
0.0858554858006676,0.02099919319152832,0.002000093460083008,0.001999378204345703
0.0858554858006676,0.021019458770751953,0.001981973648071289,0.0009996891021728516
0.0858554858006676,0.022005319595336914,0.0020143985748291016,0.0009872913360595703
0.0858554858006676,0.021519899368286133,0.002000570297241211,0.0009999275207519531
0.0858554858006676,0.021998882293701172,0.0020012855529785156,0.0009996891021728516
0.9087056945593697,0.029000043869018555,0.003000020980834961,0.0010025501251220703
0.9087056945593697,0.029524564743041992,0.003007650375366211,0.0010001659393310547
0.9087056945593697,0.02899956703186035,0.002000093460083008,0.0019998550415039062
0.9087056945593697,0.029000282287597656,0.002000093460083008,0.0019991397857666016
0.9087056945593697,0.02951335906982422,0.0020072460174560547,0.0009999275207519531
0.9087056945593697,0.029999971389770508,0.002000093460083008,0.0019989013671875
0.9087056945593697,0.0280001163482666,0.002000570297241211,0.0019991397857666016
0.9087056945593697,0.029007434844970703,0.0025060176849365234,0.0010073184967041016
0.9087056945593697,0.02899956703186035,0.0020003318786621094,0.001999378204345703
0.9087056945593697,0.029000282287597656,0.0019998550415039062,0.0010001659393310547
0.962261499272174,0.0290067195892334,0.002000093460083008,0.0019996166229248047
0.962261499272174,0.030520200729370117,0.0020034313201904297,0.000997781753540039
0.962261499272174,0.030998945236206055,0.002000093460083008,0.0010001659393310547
0.962261499272174,0.030005693435668945,0.002000093460083008,0.0015063285827636719
0.962261499272174,0.0290071964263916,0.0020003318786621094,0.0019996166229248047
0.962261499272174,0.028999805450439453,0.0020003318786621094,0.0019998550415039062
0.962261499272174,0.029005050659179688,0.0020012855529785156,0.001999378204345703
0.962261499272174,0.029515981674194336,0.0019998550415039062,0.0010006427764892578
0.962261499272174,0.029999494552612305,0.0019998550415039062,0.001999378204345703
0.962261499272174,0.028009653091430664,0.0020003318786621094,0.0019991397857666016
0.28560247703656505,0.025512218475341797,0.0020008087158203125,0.0019986629486083984
0.28560247703656505,0.025000810623168945,0.0020003318786621094,0.0019991397857666016
0.28560247703656505,0.0260007381439209,0.0020003318786621094,0.0009999275207519531
0.28560247703656505,0.02552032470703125,0.002001523971557617,0.0019986629486083984
0.28560247703656505,0.02500009536743164,0.002000570297241211,0.0019996166229248047
0.28560247703656505,0.026000261306762695,0.002000570297241211,0.0010001659393310547
0.28560247703656505,0.02600550651550293,0.002514362335205078,0.0009999275207519531
0.28560247703656505,0.025999069213867188,0.002001047134399414,0.0019991397857666016
0.28560247703656505,0.02500009536743164,0.002000093460083008,0.0020093917846679688
0.28560247703656505,0.024999380111694336,0.0019979476928710938,0.002999544143676758
0.6623052732195583,0.028514623641967773,0.005000591278076172,0.001999378204345703
0.6623052732195583,0.028999805450439453,0.002000570297241211,0.0009999275207519531
0.6623052732195583,0.029006004333496094,0.002000093460083008,0.0010004043579101562
0.6623052732195583,0.02851247787475586,0.0030002593994140625,0.0010001659393310547
0.6623052732195583,0.0279996395111084,0.003000020980834961,0.0009999275207519531
0.6623052732195583,0.0279998779296875,0.0019998550415039062,0.0010001659393310547
0.6623052732195583,0.02851390838623047,0.0020008087158203125,0.0010001659393310547
0.6623052732195583,0.029000043869018555,0.0019998550415039062,0.0009996891021728516
0.6623052732195583,0.028999805450439453,0.002000093460083008,0.0009999275207519531
0.6623052732195583,0.028525829315185547,0.002000093460083008,0.001999378204345703
0.6193034909658824,0.028000354766845703,0.0020008087158203125,0.0009999275207519531
0.6193034909658824,0.027999162673950195,0.002000570297241211,0.0019991397857666016
0.6193034909658824,0.027519941329956055,0.003000497817993164,0.0009999275207519531
0.6193034909658824,0.02899932861328125,0.002000570297241211,0.0010001659393310547
0.6193034909658824,0.02899932861328125,0.0020012855529785156,0.0009992122650146484
0.6193034909658824,0.02952289581298828,0.001999378204345703,0.002001047134399414
0.6193034909658824,0.02899956703186035,0.0020029544830322266,0.0009975433349609375
0.6193034909658824,0.02899932861328125,0.002000093460083008,0.0010001659393310547
0.6193034909658824,0.028006792068481445,0.0025148391723632812,0.0009996891021728516
0.6193034909658824,0.029000282287597656,0.0019991397857666016,0.0019996166229248047
0.11524940926671412,0.02299952507019043,0.0020003318786621094,0.0010001659393310547
0.11524940926671412,0.023000240325927734,0.00200653076171875,0.0009999275207519531
0.11524940926671412,0.022514820098876953,0.002001047134399414,0.00099945068359375
0.11524940926671412,0.022006988525390625,0.0019979476928710938,0.0009953975677490234
0.11524940926671412,0.02299952507019043,0.002000093460083008,0.0010006427764892578
0.11524940926671412,0.02200484275817871,0.0020003318786621094,0.0019991397857666016
0.11524940926671412,0.021512985229492188,0.002000093460083008,0.0019996166229248047
0.11524940926671412,0.023000001907348633,0.0020003318786621094,0.0010001659393310547
0.11524940926671412,0.021999597549438477,0.0020008087158203125,0.0019989013671875
0.11524940926671412,0.022007465362548828,0.002000570297241211,0.0010004043579101562
0.17674088666765775,0.024514198303222656,0.0020003318786621094,0.0009996891021728516
0.17674088666765775,0.023999929428100586,0.0020003318786621094,0.0009996891021728516
0.17674088666765775,0.02400064468383789,0.002000093460083008,0.001012563705444336
0.17674088666765775,0.02399301528930664,0.00099945068359375,0.0025277137756347656
0.17674088666765775,0.023000717163085938,0.0019996166229248047,0.0010008811950683594
0.17674088666765775,0.02399897575378418,0.0020012855529785156,0.001998424530029297
0.17674088666765775,0.023999691009521484,0.0020020008087158203,0.0009996891021728516
0.17674088666765775,0.02452230453491211,0.0020003318786621094,0.0009999275207519531
0.17674088666765775,0.024999380111694336,0.0020003318786621094,0.0009996891021728516
0.17674088666765775,0.024004220962524414,0.001997232437133789,0.00099945068359375
0.4389001555149106,0.02802109718322754,0.001997232437133789,0.0009996891021728516
0.4389001555149106,0.026530981063842773,0.0029997825622558594,0.0010001659393310547
0.4389001555149106,0.026999950408935547,0.002003192901611328,0.0009975433349609375
0.4389001555149106,0.026999473571777344,0.001999378204345703,0.002007007598876953
0.4389001555149106,0.027515172958374023,0.0020012855529785156,0.0014638900756835938
0.4389001555149106,0.02704787254333496,0.0020003318786621094,0.001999378204345703
0.4389001555149106,0.026999950408935547,0.0020003318786621094,0.001999378204345703
0.4389001555149106,0.026523590087890625,0.002000093460083008,0.0019996166229248047
0.4389001555149106,0.026999950408935547,0.002000093460083008,0.0019998550415039062
0.4389001555149106,0.02700018882751465,0.0030002593994140625,0.0010001659393310547
0.8806970664763654,0.029519081115722656,0.0020008087158203125,0.0019996166229248047
0.8806970664763654,0.029000282287597656,0.002000093460083008,0.0019998550415039062
0.8806970664763654,0.03000020980834961,0.0020008087158203125,0.0019986629486083984
0.8806970664763654,0.03052353858947754,0.0019998550415039062,0.0010006427764892578
0.8806970664763654,0.029999256134033203,0.001999378204345703,0.002000093460083008
0.8806970664763654,0.03000020980834961,0.002000093460083008,0.001999378204345703
0.8806970664763654,0.02852010726928711,0.0020008087158203125,0.0010001659393310547
0.8806970664763654,0.028999805450439453,0.0029997825622558594,0.0010004043579101562
0.8806970664763654,0.02899932861328125,0.002000570297241211,0.0019991397857666016
0.8806970664763654,0.02852153778076172,0.0020003318786621094,0.001999378204345703
0.2324425759511558,0.025000333786010742,0.002000093460083008,0.0009999275207519531
0.2324425759511558,0.024999618530273438,0.0019998550415039062,0.0010001659393310547
0.2324425759511558,0.024005889892578125,0.002000093460083008,0.0019996166229248047
0.2324425759511558,0.024515867233276367,0.001997232437133789,0.0009999275207519531
0.2324425759511558,0.02500009536743164,0.002000093460083008,0.0010006427764892578
0.2324425759511558,0.023998737335205078,0.002001047134399414,0.0009996891021728516
0.2324425759511558,0.025005578994750977,0.002001523971557617,0.0015079975128173828
0.2324425759511558,0.024007081985473633,0.0019998550415039062,0.0010006427764892578
0.2324425759511558,0.024998903274536133,0.0020024776458740234,0.001997709274291992
0.2324425759511558,0.024000167846679688,0.002000093460083008,0.0019996166229248047
0.44851140018696556,0.026519060134887695,0.0020003318786621094,0.0009999275207519531
0.44851140018696556,0.0279996395111084,0.002001047134399414,0.0009996891021728516
0.44851140018696556,0.026999235153198242,0.0020008087158203125,0.0019989013671875
0.44851140018696556,0.025522470474243164,0.002999544143676758,0.0009996891021728516
0.44851140018696556,0.026999950408935547,0.002000093460083008,0.0010006427764892578
0.44851140018696556,0.026999473571777344,0.002000093460083008,0.0019991397857666016
0.44851140018696556,0.026006698608398438,0.0030007362365722656,0.0009999275207519531
0.44851140018696556,0.026514530181884766,0.0019996166229248047,0.0019996166229248047
0.44851140018696556,0.027001380920410156,0.0019991397857666016,0.0009999275207519531
0.44851140018696556,0.026999950408935547,0.0020072460174560547,0.0009999275207519531
0.8389860995624205,0.029516935348510742,0.0019989013671875,0.001999378204345703
0.8389860995624205,0.029000282287597656,0.002000093460083008,0.0020029544830322266
0.8389860995624205,0.028996706008911133,0.003006458282470703,0.0010001659393310547
0.8389860995624205,0.029512882232666016,0.0020003318786621094,0.0019991397857666016
0.8389860995624205,0.02900099754333496,0.002000570297241211,0.0019991397857666016
0.8389860995624205,0.028999805450439453,0.002000570297241211,0.00200653076171875
0.8389860995624205,0.028517961502075195,0.0029997825622558594,0.0010004043579101562
0.8389860995624205,0.029999494552612305,0.0019998550415039062,0.0010006427764892578
0.8389860995624205,0.029999971389770508,0.0030002593994140625,0.001007080078125
0.8389860995624205,0.029512405395507812,0.002001047134399414,0.0009996891021728516
0.3518594585295056,0.026999235153198242,0.002000570297241211,0.0009999275207519531
0.3518594585295056,0.026999711990356445,0.0020003318786621094,0.0010001659393310547
0.3518594585295056,0.026520490646362305,0.0020051002502441406,0.0009949207305908203
0.3518594585295056,0.026000022888183594,0.002000093460083008,0.0019991397857666016
0.3518594585295056,0.025000572204589844,0.0019998550415039062,0.0010001659393310547
0.3518594585295056,0.02600574493408203,0.0020020008087158203,0.0019979476928710938
0.3518594585295056,0.0265200138092041,0.001997709274291992,0.0010001659393310547
0.3518594585295056,0.026999473571777344,0.0020008087158203125,0.0019986629486083984
0.3518594585295056,0.0260007381439209,0.0019998550415039062,0.0020062923431396484
0.3518594585295056,0.025513648986816406,0.0020008087158203125,0.0019991397857666016
0.3957061937041547,0.026001453399658203,0.0019991397857666016,0.0019998550415039062
0.3957061937041547,0.02700042724609375,0.0019998550415039062,0.0010001659393310547
0.3957061937041547,0.02752089500427246,0.002000570297241211,0.0010111331939697266
0.3957061937041547,0.026988744735717773,0.0020003318786621094,0.0010004043579101562
0.3957061937041547,0.026999473571777344,0.0030128955841064453,0.0009882450103759766
0.3957061937041547,0.02700519561767578,0.002000570297241211,0.0019996166229248047
0.3957061937041547,0.026513338088989258,0.002009868621826172,0.001990079879760742
0.3957061937041547,0.02700066566467285,0.0020003318786621094,0.0009999275207519531
0.3957061937041547,0.027005672454833984,0.0020003318786621094,0.0019991397857666016
0.3957061937041547,0.02551746368408203,0.0019989013671875,0.0019996166229248047
0.5341988844189698,0.028003215789794922,0.0019981861114501953,0.0010001659393310547
0.5341988844189698,0.027998685836791992,0.002000570297241211,0.0009999275207519531
0.5341988844189698,0.028533220291137695,0.001999378204345703,0.002000570297241211
0.5341988844189698,0.0280001163482666,0.0019998550415039062,0.001999378204345703
0.5341988844189698,0.02800273895263672,0.0019974708557128906,0.001999378204345703
0.5341988844189698,0.027523517608642578,0.002000093460083008,0.001999378204345703
0.5341988844189698,0.0280001163482666,0.002000093460083008,0.0010001659393310547
0.5341988844189698,0.029000043869018555,0.0019998550415039062,0.0010004043579101562
0.5341988844189698,0.029532194137573242,0.0019991397857666016,0.0010006427764892578
0.5341988844189698,0.02899909019470215,0.0020008087158203125,0.0009996891021728516
0.145655637324287,0.02399921417236328,0.002001047134399414,0.0009987354278564453
0.145655637324287,0.02400684356689453,0.0020008087158203125,0.0010023117065429688
0.145655637324287,0.024512290954589844,0.0019998550415039062,0.001001119613647461
0.145655637324287,0.02399897575378418,0.0020003318786621094,0.002000093460083008
0.145655637324287,0.023999691009521484,0.002000570297241211,0.0009999275207519531
0.145655637324287,0.02400684356689453,0.0025157928466796875,0.0009987354278564453
0.145655637324287,0.022999048233032227,0.0020003318786621094,0.0019991397857666016
0.145655637324287,0.023000478744506836,0.0020258426666259766,0.0009760856628417969
0.145655637324287,0.023998260498046875,0.002002716064453125,0.0009980201721191406
0.145655637324287,0.023520231246948242,0.0019998550415039062,0.0019996166229248047
0.7151311886850271,0.0280001163482666,0.0020003318786621094,0.0019991397857666016
0.7151311886850271,0.028000593185424805,0.0019998550415039062,0.001001119613647461
0.7151311886850271,0.0285184383392334,0.002000570297241211,0.0009999275207519531
0.7151311886850271,0.027999401092529297,0.0020003318786621094,0.0019991397857666016
0.7151311886850271,0.028000593185424805,0.0020003318786621094,0.0019996166229248047
0.7151311886850271,0.028007030487060547,0.0020003318786621094,0.0019996166229248047
0.7151311886850271,0.02751922607421875,0.0019996166229248047,0.0019998550415039062
0.7151311886850271,0.0279998779296875,0.002001047134399414,0.0009996891021728516
0.7151311886850271,0.030005693435668945,0.0020003318786621094,0.0010004043579101562
0.7151311886850271,0.029511690139770508,0.002001047134399414,0.0010004043579101562
0.5111618557308235,0.0279998779296875,0.002002239227294922,0.0019965171813964844
0.5111618557308235,0.027005910873413086,0.002003192901611328,0.0019965171813964844
0.5111618557308235,0.028516292572021484,0.002000570297241211,0.0010001659393310547
0.5111618557308235,0.027999401092529297,0.0020029544830322266,0.000997781753540039
0.5111618557308235,0.027999401092529297,0.0030002593994140625,0.0010077953338623047
0.5111618557308235,0.0275115966796875,0.003002643585205078,0.0009996891021728516
0.5111618557308235,0.028998613357543945,0.002000570297241211,0.0009996891021728516
0.5111618557308235,0.027999162673950195,0.0020008087158203125,0.0019989013671875
0.5111618557308235,0.02752232551574707,0.0020003318786621094,0.0019998550415039062
0.5111618557308235,0.0279998779296875,0.0020003318786621094,0.0019989013671875
0.7344451429364843,0.028000593185424805,0.0020008087158203125,0.0010004043579101562
0.7344451429364843,0.028518199920654297,0.0020003318786621094,0.0019989013671875
0.7344451429364843,0.02700066566467285,0.0030024051666259766,0.0009984970092773438
0.7344451429364843,0.027998924255371094,0.0020003318786621094,0.0019996166229248047
0.7344451429364843,0.02800726890563965,0.0025353431701660156,0.0009992122650146484
0.7344451429364843,0.028000593185424805,0.0030031204223632812,0.000997304916381836
0.7344451429364843,0.0280001163482666,0.002000570297241211,0.0019986629486083984
0.7344451429364843,0.028005361557006836,0.002001047134399414,0.001999378204345703
0.7344451429364843,0.028517961502075195,0.0020029544830322266,0.0019969940185546875
0.7344451429364843,0.0279998779296875,0.003000497817993164,0.0009996891021728516
0.05805454596140125,0.01999950408935547,0.002000093460083008,0.001007080078125
0.05805454596140125,0.020516395568847656,0.0019948482513427734,0.0009999275207519531
0.05805454596140125,0.019999980926513672,0.0019996166229248047,0.0010001659393310547
0.05805454596140125,0.020000219345092773,0.0020003318786621094,0.0010006427764892578
0.05805454596140125,0.019999027252197266,0.002000570297241211,0.0009996891021728516
0.05805454596140125,0.02000713348388672,0.002007007598876953,0.0015189647674560547
0.05805454596140125,0.01900005340576172,0.002000093460083008,0.001999378204345703
0.05805454596140125,0.019000530242919922,0.002000093460083008,0.0019991397857666016
0.05805454596140125,0.020000457763671875,0.0020008087158203125,0.0009999275207519531
0.05805454596140125,0.02000570297241211,0.0020003318786621094,0.0010008811950683594
0.9517645922366129,0.029512643814086914,0.0020008087158203125,0.0019989013671875
0.9517645922366129,0.03000044822692871,0.002000570297241211,0.0009999275207519531
0.9517645922366129,0.03000783920288086,0.0019981861114501953,0.0019991397857666016
0.9517645922366129,0.028516292572021484,0.003000497817993164,0.0009999275207519531
0.9517645922366129,0.029999494552612305,0.0020003318786621094,0.0009996891021728516
0.9517645922366129,0.0290071964263916,0.0020008087158203125,0.001999378204345703
0.9517645922366129,0.028513193130493164,0.002000093460083008,0.0019998550415039062
0.9517645922366129,0.029000043869018555,0.0020003318786621094,0.001999378204345703
0.9517645922366129,0.029005765914916992,0.0019998550415039062,0.0010020732879638672
0.9517645922366129,0.030512332916259766,0.002000093460083008,0.0009999275207519531
0.763301468020484,0.029999971389770508,0.002000093460083008,0.0009999275207519531
0.763301468020484,0.03000640869140625,0.0020003318786621094,0.0009999275207519531
0.763301468020484,0.029515504837036133,0.0020003318786621094,0.0019998550415039062
0.763301468020484,0.029000043869018555,0.002000093460083008,0.001999378204345703
0.763301468020484,0.029000520706176758,0.00200653076171875,0.0019998550415039062
0.763301468020484,0.028514623641967773,0.0019998550415039062,0.002000093460083008
0.763301468020484,0.02899956703186035,0.002001047134399414,0.0019989013671875
0.763301468020484,0.028000354766845703,0.0020003318786621094,0.00200653076171875
0.763301468020484,0.02951526641845703,0.0020003318786621094,0.0010001659393310547
0.763301468020484,0.029999971389770508,0.0020003318786621094,0.0009999275207519531
0.12755999736534107,0.02399897575378418,0.002001047134399414,0.0009999275207519531
0.12755999736534107,0.023517847061157227,0.0020003318786621094,0.0019996166229248047
0.12755999736534107,0.023000478744506836,0.0020003318786621094,0.0019991397857666016
0.12755999736534107,0.023000001907348633,0.0020024776458740234,0.0019974708557128906
0.12755999736534107,0.024001598358154297,0.0020067691802978516,0.0009999275207519531
0.12755999736534107,0.024515628814697266,0.0020008087158203125,0.0009999275207519531
0.12755999736534107,0.02399897575378418,0.002001047134399414,0.00099945068359375
0.12755999736534107,0.023999929428100586,0.0019998550415039062,0.0010004043579101562
0.12755999736534107,0.02400493621826172,0.002001047134399414,0.0019991397857666016
0.12755999736534107,0.023513078689575195,0.0010001659393310547,0.0019998550415039062
0.6686171278596212,0.0280001163482666,0.0020003318786621094,0.0019996166229248047
0.6686171278596212,0.0279998779296875,0.0020003318786621094,0.002006053924560547
0.6686171278596212,0.027514934539794922,0.0020008087158203125,0.0019998550415039062
0.6686171278596212,0.027999401092529297,0.002000570297241211,0.001999378204345703
0.6686171278596212,0.0280001163482666,0.0020003318786621094,0.001999378204345703
0.6686171278596212,0.02852153778076172,0.002008199691772461,0.0009930133819580078
0.6686171278596212,0.02899909019470215,0.002000570297241211,0.0010004043579101562
0.6686171278596212,0.027999162673950195,0.0019996166229248047,0.002000570297241211
0.6686171278596212,0.028521060943603516,0.002000093460083008,0.0019996166229248047
0.6686171278596212,0.028000354766845703,0.0020003318786621094,0.001997709274291992
0.7831320821754815,0.029000043869018555,0.0020024776458740234,0.0019981861114501953
0.7831320821754815,0.028516530990600586,0.001996278762817383,0.002000093460083008
0.7831320821754815,0.028999805450439453,0.0019998550415039062,0.0020046234130859375
0.7831320821754815,0.027995824813842773,0.0019996166229248047,0.002000093460083008
0.7831320821754815,0.027510881423950195,0.002005338668823242,0.002000570297241211
0.7831320821754815,0.027999401092529297,0.002000093460083008,0.0019998550415039062
0.7831320821754815,0.0280001163482666,0.0019998550415039062,0.002000093460083008
0.7831320821754815,0.028004169464111328,0.0019998550415039062,0.0015039443969726562
0.7831320821754815,0.02900838851928711,0.0019969940185546875,0.0009999275207519531
0.7831320821754815,0.029000043869018555,0.0019998550415039062,0.0009999275207519531
0.9336613729340926,0.028004884719848633,0.0030052661895751953,0.0009946823120117188
0.9336613729340926,0.028511762619018555,0.0019998550415039062,0.0019998550415039062
0.9336613729340926,0.031010866165161133,0.003988981246948242,0.0020003318786621094
0.9336613729340926,0.028004169464111328,0.002000093460083008,0.002002239227294922
0.9336613729340926,0.02750682830810547,0.0019998550415039062,0.0020024776458740234
0.9336613729340926,0.027997732162475586,0.0019998550415039062,0.0020017623901367188
0.9336613729340926,0.02800273895263672,0.0019998550415039062,0.0020017623901367188
0.9336613729340926,0.027510643005371094,0.001999378204345703,0.0020041465759277344
0.9336613729340926,0.028995990753173828,0.0020024776458740234,0.0019974708557128906
0.9336613729340926,0.02800583839416504,0.002001047134399414,0.0019996166229248047
0.3914759380059504,0.026507854461669922,0.0020003318786621094,0.0010001659393310547
0.3914759380059504,0.026999950408935547,0.002000093460083008,0.0010030269622802734
0.3914759380059504,0.026997089385986328,0.0019998550415039062,0.0009999275207519531
0.3914759380059504,0.026515960693359375,0.002000093460083008,0.0010001659393310547
0.3914759380059504,0.02700495719909668,0.001995563507080078,0.00099945068359375
0.3914759380059504,0.026999950408935547,0.002000093460083008,0.0009996891021728516
0.3914759380059504,0.026004552841186523,0.0019998550415039062,0.0009999275207519531
0.3914759380059504,0.025508403778076172,0.0030045509338378906,0.0009970664978027344
0.3914759380059504,0.02699875831604004,0.0019998550415039062,0.0009999275207519531
0.3914759380059504,0.026005029678344727,0.0020036697387695312,0.0019965171813964844
0.20892494202391432,0.023512601852416992,0.002000093460083008,0.002003908157348633
0.20892494202391432,0.02399611473083496,0.002000093460083008,0.0009999275207519531
0.20892494202391432,0.024000167846679688,0.002000093460083008,0.0009996891021728516
0.20892494202391432,0.02500438690185547,0.002000093460083008,0.0009999275207519531
0.20892494202391432,0.02451324462890625,0.0019960403442382812,0.0009996891021728516
0.20892494202391432,0.023999929428100586,0.002000093460083008,0.0020012855529785156
0.20892494202391432,0.023998737335205078,0.002000093460083008,0.0009999275207519531
0.20892494202391432,0.024239778518676758,0.0020041465759277344,0.0019953250885009766
0.20892494202391432,0.02400040626525879,0.0020036697387695312,0.0009975433349609375
0.20892494202391432,0.025000333786010742,0.002000093460083008,0.0009989738464355469
0.9451897109305227,0.02900385856628418,0.0020008087158203125,0.00099945068359375
0.9451897109305227,0.029513835906982422,0.0019986629486083984,0.0020008087158203125
0.9451897109305227,0.028998613357543945,0.002000570297241211,0.0009999275207519531
0.9451897109305227,0.029004573822021484,0.0020008087158203125,0.0020003318786621094
0.9451897109305227,0.02850794792175293,0.0019998550415039062,0.002000093460083008
0.9451897109305227,0.028000354766845703,0.0019998550415039062,0.002000093460083008
0.9451897109305227,0.029006242752075195,0.0019981861114501953,0.0009996891021728516
0.9451897109305227,0.02951192855834961,0.002000093460083008,0.0009999275207519531
0.9451897109305227,0.0279998779296875,0.0020003318786621094,0.002007007598876953
0.9451897109305227,0.027992963790893555,0.002000093460083008,0.0020041465759277344
0.5813575349678959,0.027514934539794922,0.0020003318786621094,0.0009996891021728516
0.5813575349678959,0.028999805450439453,0.002000570297241211,0.0009996891021728516
0.5813575349678959,0.0279996395111084,0.0019996166229248047,0.0019996166229248047
0.5813575349678959,0.028536558151245117,0.0020003318786621094,0.0020012855529785156
0.5813575349678959,0.028998136520385742,0.002001047134399414,0.0019986629486083984
0.5813575349678959,0.028000593185424805,0.002002716064453125,0.0019965171813964844
0.5813575349678959,0.027523279190063477,0.003000020980834961,0.0010001659393310547
0.5813575349678959,0.027998685836791992,0.0020003318786621094,0.0019998550415039062
0.5813575349678959,0.0280001163482666,0.0020008087158203125,0.0019989013671875
0.5813575349678959,0.027519702911376953,0.0020008087158203125,0.0009989738464355469
0.5658841137269979,0.0279996395111084,0.003000497817993164,0.00099945068359375
0.5658841137269979,0.028003215789794922,0.0020132064819335938,0.0009846687316894531
0.5658841137269979,0.028005361557006836,0.0020008087158203125,0.001998424530029297
0.5658841137269979,0.027514934539794922,0.0020008087158203125,0.0019989013671875
0.5658841137269979,0.028000831604003906,0.0020003318786621094,0.0019991397857666016
0.5658841137269979,0.02800726890563965,0.0019998550415039062,0.0009999275207519531
0.5658841137269979,0.028515338897705078,0.001997709274291992,0.001999378204345703
0.5658841137269979,0.028000354766845703,0.0020008087158203125,0.0010004043579101562
0.5658841137269979,0.027998924255371094,0.00200653076171875,0.0019991397857666016
0.5658841137269979,0.028517723083496094,0.002000093460083008,0.0010001659393310547
0.10705723734905492,0.02299952507019043,0.002000093460083008,0.0010001659393310547
0.10705723734905492,0.021999359130859375,0.0020003318786621094,0.001999378204345703
0.10705723734905492,0.02200627326965332,0.002000570297241211,0.0010001659393310547
0.10705723734905492,0.02251124382019043,0.002000570297241211,0.00099945068359375
0.10705723734905492,0.021999835968017578,0.0020003318786621094,0.0010001659393310547
0.10705723734905492,0.02300286293029785,0.001997232437133789,0.0009996891021728516
0.10705723734905492,0.022005319595336914,0.002000570297241211,0.0009999275207519531
0.10705723734905492,0.02251267433166504,0.002000093460083008,0.0010001659393310547
0.10705723734905492,0.02299976348876953,0.002002716064453125,0.0009980201721191406
0.10705723734905492,0.021998882293701172,0.0020003318786621094,0.0010004043579101562
0.13437824559419265,0.024510622024536133,0.0020072460174560547,0.0009999275207519531
0.13437824559419265,0.02400040626525879,0.0020003318786621094,0.0009996891021728516
0.13437824559419265,0.023999452590942383,0.0020003318786621094,0.0009999275207519531
0.13437824559419265,0.023999691009521484,0.0020003318786621094,0.0019989013671875
0.13437824559419265,0.02351999282836914,0.002000570297241211,0.0009999275207519531
0.13437824559419265,0.023009061813354492,0.0009996891021728516,0.0019989013671875
0.13437824559419265,0.023000240325927734,0.0020003318786621094,0.002003192901611328
0.13437824559419265,0.024002790451049805,0.0020003318786621094,0.0010004043579101562
0.13437824559419265,0.024512529373168945,0.0019998550415039062,0.0010004043579101562
0.13437824559419265,0.023999452590942383,0.002003192901611328,0.0019969940185546875
0.483531896199787,0.026999950408935547,0.002000093460083008,0.0019989013671875
0.483531896199787,0.027040958404541016,0.002001523971557617,0.0019996166229248047
0.483531896199787,0.02699899673461914,0.0030007362365722656,0.0009996891021728516
0.483531896199787,0.026999473571777344,0.0019998550415039062,0.0019998550415039062
0.483531896199787,0.027005910873413086,0.002373218536376953,0.0010004043579101562
0.483531896199787,0.027997255325317383,0.002000093460083008,0.0010001659393310547
0.483531896199787,0.026999473571777344,0.002000570297241211,0.0010006427764892578
0.483531896199787,0.026004552841186523,0.0019998550415039062,0.0009996891021728516
0.483531896199787,0.026513099670410156,0.001999378204345703,0.0019996166229248047
0.483531896199787,0.02700042724609375,0.002000570297241211,0.0009999275207519531
0.47107462701756875,0.027999401092529297,0.002000093460083008,0.0020058155059814453
0.47107462701756875,0.026515722274780273,0.0020003318786621094,0.0019996166229248047
0.47107462701756875,0.02700018882751465,0.0020003318786621094,0.0019989013671875
0.47107462701756875,0.02700018882751465,0.002000093460083008,0.001001596450805664
0.47107462701756875,0.027524709701538086,0.0019943714141845703,0.0009996891021728516
0.47107462701756875,0.0280001163482666,0.0019996166229248047,0.0009999275207519531
0.47107462701756875,0.026999473571777344,0.002000093460083008,0.0010001659393310547
0.47107462701756875,0.02800607681274414,0.001508474349975586,0.002007007598876953
0.47107462701756875,0.027000904083251953,0.0019998550415039062,0.0019991397857666016
0.47107462701756875,0.026999950408935547,0.0020012855529785156,0.0009996891021728516
0.8466279585352563,0.029006481170654297,0.0019998550415039062,0.001999378204345703
0.8466279585352563,0.028513669967651367,0.002000570297241211,0.0019991397857666016
0.8466279585352563,0.028000354766845703,0.002000093460083008,0.0019998550415039062
0.8466279585352563,0.029005765914916992,0.0020003318786621094,0.0010001659393310547
0.8466279585352563,0.02951502799987793,0.002000093460083008,0.0019996166229248047
0.8466279585352563,0.02900075912475586,0.0020003318786621094,0.001999378204345703
0.8466279585352563,0.029006004333496094,0.0020008087158203125,0.0009996891021728516
0.8466279585352563,0.028522729873657227,0.0029897689819335938,0.0010001659393310547
0.8466279585352563,0.02899932861328125,0.002000093460083008,0.0019996166229248047
0.8466279585352563,0.0290067195892334,0.0020012855529785156,0.00099945068359375
0.29478622619766937,0.026515960693359375,0.002000093460083008,0.0009989738464355469
0.29478622619766937,0.02599954605102539,0.0030007362365722656,0.0009999275207519531
0.29478622619766937,0.025999784469604492,0.0020003318786621094,0.0019996166229248047
0.29478622619766937,0.02551865577697754,0.0019998550415039062,0.0020003318786621094
0.29478622619766937,0.024999141693115234,0.002000570297241211,0.001999378204345703
0.29478622619766937,0.0260009765625,0.0019996166229248047,0.0009996891021728516
0.29478622619766937,0.027007102966308594,0.0019998550415039062,0.001999378204345703
0.29478622619766937,0.024514198303222656,0.0020012855529785156,0.0009984970092773438
0.29478622619766937,0.025999784469604492,0.002000093460083008,0.0009999275207519531
0.29478622619766937,0.02500009536743164,0.0020041465759277344,0.0010018348693847656
0.9602411046291893,0.028507709503173828,0.0020008087158203125,0.0019989013671875
0.9602411046291893,0.028000354766845703,0.002003192901611328,0.001996755599975586
0.9602411046291893,0.0280001163482666,0.0020008087158203125,0.0019991397857666016
0.9602411046291893,0.028517723083496094,0.0019981861114501953,0.0010001659393310547
0.9602411046291893,0.03000044822692871,0.0019996166229248047,0.0010001659393310547
0.9602411046291893,0.029000043869018555,0.0019998550415039062,0.0009999275207519531
0.9602411046291893,0.028514623641967773,0.0019996166229248047,0.002000093460083008
0.9602411046291893,0.027999401092529297,0.0020003318786621094,0.0019998550415039062
0.9602411046291893,0.028000593185424805,0.0019996166229248047,0.0020003318786621094
0.9602411046291893,0.02800440788269043,0.0025136470794677734,0.0009996891021728516
0.387596317145509,0.026005983352661133,0.0019941329956054688,0.002000093460083008
0.387596317145509,0.025999784469604492,0.0020008087158203125,0.0010008811950683594
0.387596317145509,0.02600264549255371,0.0019998550415039062,0.0020046234130859375
0.387596317145509,0.025507211685180664,0.002000093460083008,0.0019996166229248047
0.387596317145509,0.02500009536743164,0.0020003318786621094,0.002000093460083008
0.387596317145509,0.025999784469604492,0.0019998550415039062,0.0010001659393310547
0.387596317145509,0.0262908935546875,0.0019998550415039062,0.0010004043579101562
0.387596317145509,0.025999784469604492,0.003000020980834961,0.0009999275207519531
0.387596317145509,0.026004314422607422,0.001995563507080078,0.0020003318786621094
0.387596317145509,0.02600383758544922,0.002000570297241211,0.0010039806365966797
0.6948576098465333,0.02850818634033203,0.002000093460083008,0.0019998550415039062
0.6948576098465333,0.0279998779296875,0.002002716064453125,0.0020029544830322266
0.6948576098465333,0.028002262115478516,0.0029969215393066406,0.0009996891021728516
0.6948576098465333,0.028509855270385742,0.0019996166229248047,0.0009999275207519531
0.6948576098465333,0.029000282287597656,0.002007722854614258,0.0009937286376953125
0.6948576098465333,0.02799844741821289,0.0030045509338378906,0.0010001659393310547
0.6948576098465333,0.02851581573486328,0.0019996166229248047,0.0010161399841308594
0.6948576098465333,0.0279843807220459,0.0019996166229248047,0.002000093460083008
0.6948576098465333,0.0280001163482666,0.0020003318786621094,0.0009999275207519531
0.6948576098465333,0.02851271629333496,0.0020020008087158203,0.0009982585906982422
0.14559249048511835,0.023999929428100586,0.002006053924560547,0.001993894577026367
0.14559249048511835,0.024001359939575195,0.0019991397857666016,0.0010004043579101562
0.14559249048511835,0.02400827407836914,0.001995563507080078,0.0010004043579101562
0.14559249048511835,0.02351212501525879,0.0019986629486083984,0.0010004043579101562
0.14559249048511835,0.023000001907348633,0.0019998550415039062,0.0009999275207519531
0.14559249048511835,0.02200007438659668,0.002010345458984375,0.0019898414611816406
0.14559249048511835,0.022004127502441406,0.0025124549865722656,0.001998424530029297
0.14559249048511835,0.02299785614013672,0.0020008087158203125,0.00099945068359375
0.14559249048511835,0.02299976348876953,0.0020003318786621094,0.0009999275207519531
0.14559249048511835,0.023000001907348633,0.0020036697387695312,0.0009961128234863281
0.3533085215153595,0.025519371032714844,0.0020024776458740234,0.0009946823120117188
0.3533085215153595,0.026000261306762695,0.002000093460083008,0.0010001659393310547
0.3533085215153595,0.024999618530273438,0.0019998550415039062,0.002000093460083008
0.3533085215153595,0.02500462532043457,0.0019998550415039062,0.0010001659393310547
0.3533085215153595,0.025508880615234375,0.0020003318786621094,0.0009996891021728516
0.3533085215153595,0.025000333786010742,0.0020003318786621094,0.002000570297241211
0.3533085215153595,0.02499866485595703,0.002000093460083008,0.0010001659393310547
0.3533085215153595,0.025057315826416016,0.002000093460083008,0.002000093460083008
0.3533085215153595,0.02500009536743164,0.002000093460083008,0.00099945068359375
0.3533085215153595,0.025000333786010742,0.0019996166229248047,0.0010051727294921875
0.24766861393794282,0.023999452590942383,0.0019998550415039062,0.002001523971557617
0.24766861393794282,0.023030996322631836,0.002001047134399414,0.00099945068359375
0.24766861393794282,0.02400040626525879,0.0019996166229248047,0.0010004043579101562
0.24766861393794282,0.023999452590942383,0.0019996166229248047,0.0020003318786621094
0.24766861393794282,0.024004459381103516,0.0015060901641845703,0.001005411148071289
0.24766861393794282,0.023999452590942383,0.002000570297241211,0.0010001659393310547
0.24766861393794282,0.023999452590942383,0.002000093460083008,0.0009999275207519531
0.24766861393794282,0.025003671646118164,0.001996278762817383,0.0009999275207519531
0.24766861393794282,0.023513317108154297,0.002000093460083008,0.0020020008087158203
0.24766861393794282,0.023997783660888672,0.002000093460083008,0.0010001659393310547
0.6327648475873558,0.0279998779296875,0.0020003318786621094,0.0009996891021728516
0.6327648475873558,0.02800440788269043,0.0020003318786621094,0.0015075206756591797
0.6327648475873558,0.02700519561767578,0.002000093460083008,0.0009999275207519531
0.6327648475873558,0.0280001163482666,0.002001047134399414,0.001003265380859375
0.6327648475873558,0.028000354766845703,0.0019998550415039062,0.0009999275207519531
0.6327648475873558,0.02751636505126953,0.0029981136322021484,0.0009999275207519531
0.6327648475873558,0.0279998779296875,0.0019998550415039062,0.0010001659393310547
0.6327648475873558,0.028000593185424805,0.0019989013671875,0.0010042190551757812
0.6327648475873558,0.027512311935424805,0.0030007362365722656,0.0009996891021728516
0.6327648475873558,0.02800130844116211,0.001998424530029297,0.002000093460083008
0.48310367917124497,0.026001453399658203,0.0019986629486083984,0.0009999275207519531
0.48310367917124497,0.026514291763305664,0.002000570297241211,0.0019996166229248047
0.48310367917124497,0.025999784469604492,0.002000093460083008,0.0009999275207519531
0.48310367917124497,0.02700185775756836,0.001998424530029297,0.0009999275207519531
0.48310367917124497,0.026004314422607422,0.002003908157348633,0.0019981861114501953
0.48310367917124497,0.02650928497314453,0.002003192901611328,0.0019969940185546875
0.48310367917124497,0.025999784469604492,0.002000093460083008,0.002003908157348633
0.48310367917124497,0.02599620819091797,0.002004861831665039,0.0009996891021728516
0.48310367917124497,0.02650928497314453,0.002000093460083008,0.0019998550415039062
0.48310367917124497,0.025999784469604492,0.0020003318786621094,0.0010001659393310547
0.8909778794032596,0.028999805450439453,0.003000020980834961,0.0010001659393310547
0.8909778794032596,0.02852034568786621,0.0019998550415039062,0.0019998550415039062
0.8909778794032596,0.0280001163482666,0.002000093460083008,0.0019998550415039062
0.8909778794032596,0.029002904891967773,0.0020024776458740234,0.0019948482513427734
0.8909778794032596,0.028512954711914062,0.0019998550415039062,0.0020003318786621094
0.8909778794032596,0.028999805450439453,0.002003908157348633,0.0019969940185546875
0.8909778794032596,0.02899932861328125,0.0019996166229248047,0.0010006427764892578
0.8909778794032596,0.029517650604248047,0.0019960403442382812,0.002015829086303711
0.8909778794032596,0.027985095977783203,0.0019991397857666016,0.002000093460083008
0.8909778794032596,0.029000043869018555,0.0019998550415039062,0.0019998550415039062
0.411554394385504,0.027007341384887695,0.0015110969543457031,0.0009996891021728516
0.411554394385504,0.027001380920410156,0.0019986629486083984,0.0009999275207519531
0.411554394385504,0.026999950408935547,0.0020036697387695312,0.0009968280792236328
0.411554394385504,0.027004003524780273,0.0019998550415039062,0.0010001659393310547
0.411554394385504,0.026510238647460938,0.002000093460083008,0.0009999275207519531
0.411554394385504,0.0260009765625,0.0019989013671875,0.0020003318786621094
0.411554394385504,0.025999784469604492,0.002002239227294922,0.0009987354278564453
0.411554394385504,0.026515960693359375,0.0019998550415039062,0.0010001659393310547
0.411554394385504,0.026999950408935547,0.002000093460083008,0.0010025501251220703
0.411554394385504,0.027004241943359375,0.0019936561584472656,0.002000093460083008
0.8661640644639186,0.028506994247436523,0.0020055770874023438,0.0010018348693847656
0.8661640644639186,0.028997421264648438,0.0020008087158203125,0.0020029544830322266
0.8661640644639186,0.027996063232421875,0.0020008087158203125,0.0019996166229248047
0.8661640644639186,0.029005050659179688,0.0020020008087158203,0.000997781753540039
0.8661640644639186,0.029320716857910156,0.002000570297241211,0.002002239227294922
0.8661640644639186,0.028996706008911133,0.0020003318786621094,0.0009999275207519531
0.8661640644639186,0.029007673263549805,0.0019979476928710938,0.0009987354278564453
0.8661640644639186,0.029514074325561523,0.0019960403442382812,0.0009999275207519531
0.8661640644639186,0.029000282287597656,0.002000093460083008,0.002000093460083008
0.8661640644639186,0.028008460998535156,0.0029990673065185547,0.0009999275207519531
0.26159475198942983,0.025511503219604492,0.002000093460083008,0.0009996891021728516
0.26159475198942983,0.026000022888183594,0.0019998550415039062,0.0009999275207519531
0.26159475198942983,0.026000499725341797,0.0020041465759277344,0.0009958744049072266
0.26159475198942983,0.025514841079711914,0.0020029544830322266,0.0009949207305908203
0.26159475198942983,0.02500152587890625,0.0019989013671875,0.002001047134399414
0.26159475198942983,0.024998903274536133,0.0019998550415039062,0.0009999275207519531
0.26159475198942983,0.026005268096923828,0.0020003318786621094,0.0009999275207519531
0.26159475198942983,0.0255124568939209,0.0019996166229248047,0.0010001659393310547
0.26159475198942983,0.026000261306762695,0.0019996166229248047,0.0010001659393310547
0.26159475198942983,0.024999618530273438,0.002004384994506836,0.0020008087158203125
0.3198878034701371,0.026515722274780273,0.0019927024841308594,0.0010035037994384766
0.3198878034701371,0.025996685028076172,0.002000093460083008,0.0009996891021728516
0.3198878034701371,0.026000022888183594,0.0019998550415039062,0.0010001659393310547
0.3198878034701371,0.026004791259765625,0.0019996166229248047,0.0009999275207519531
0.3198878034701371,0.025516510009765625,0.0019998550415039062,0.0020003318786621094
0.3198878034701371,0.024999618530273438,0.0020148754119873047,0.0019850730895996094
0.3198878034701371,0.025006532669067383,0.0019965171813964844,0.0020046234130859375
0.3198878034701371,0.02550959587097168,0.002000093460083008,0.0009999275207519531
0.3198878034701371,0.025999784469604492,0.0020003318786621094,0.0009999275207519531
0.3198878034701371,0.026000022888183594,0.0019998550415039062,0.0009999275207519531
0.816971881979323,0.029520511627197266,0.0019953250885009766,0.0010004043579101562
0.816971881979323,0.028999805450439453,0.002000093460083008,0.002000093460083008
0.816971881979323,0.028000354766845703,0.001999378204345703,0.002000093460083008
0.816971881979323,0.02800440788269043,0.002509593963623047,0.001999378204345703
0.816971881979323,0.0280001163482666,0.0019998550415039062,0.0020172595977783203
0.816971881979323,0.028982877731323242,0.002000093460083008,0.0009996891021728516
0.816971881979323,0.029009103775024414,0.002000093460083008,0.0009999275207519531
0.816971881979323,0.02952432632446289,0.002000093460083008,0.0009999275207519531
0.816971881979323,0.029000043869018555,0.0019998550415039062,0.0020003318786621094
0.816971881979323,0.02900409698486328,0.002001047134399414,0.0019998550415039062
0.08926485179575638,0.021509170532226562,0.0019998550415039062,0.0010037422180175781
0.08926485179575638,0.021000146865844727,0.0019958019256591797,0.0019998550415039062
0.08926485179575638,0.021000146865844727,0.002000093460083008,0.0009999275207519531
0.08926485179575638,0.021004438400268555,0.0019998550415039062,0.0009999275207519531
0.08926485179575638,0.022046804428100586,0.0019998550415039062,0.0009999275207519531
0.08926485179575638,0.021000146865844727,0.0020012855529785156,0.0009989738464355469
0.08926485179575638,0.020999908447265625,0.002001523971557617,0.0019991397857666016
0.08926485179575638,0.021004438400268555,0.0019998550415039062,0.0010004043579101562
0.08926485179575638,0.0215146541595459,0.0020058155059814453,0.000993967056274414
0.08926485179575638,0.021000385284423828,0.0019998550415039062,0.002000093460083008
0.010360624396036355,0.014999866485595703,0.0019998550415039062,0.0010023117065429688
0.010360624396036355,0.013997793197631836,0.002000093460083008,0.0009999275207519531
0.010360624396036355,0.014006853103637695,0.0019996166229248047,0.0010001659393310547
0.010360624396036355,0.014509201049804688,0.002003908157348633,0.0009963512420654297
0.010360624396036355,0.01501011848449707,0.0009906291961669922,0.0009989738464355469
0.010360624396036355,0.013998031616210938,0.0020003318786621094,0.0010001659393310547
0.010360624396036355,0.014999628067016602,0.0020003318786621094,0.0009999275207519531
0.010360624396036355,0.013999700546264648,0.0020008087158203125,0.0010030269622802734
0.010360624396036355,0.01500082015991211,0.002000093460083008,0.0009999275207519531
0.010360624396036355,0.01551365852355957,0.001001119613647461,0.0009989738464355469
0.8865147643955199,0.02899789810180664,0.0030083656311035156,0.0009918212890625
0.8865147643955199,0.029000043869018555,0.0019998550415039062,0.002000093460083008
0.8865147643955199,0.028519630432128906,0.002000093460083008,0.0020036697387695312
0.8865147643955199,0.02899622917175293,0.0020012855529785156,0.0019991397857666016
0.8865147643955199,0.02900385856628418,0.0019960403442382812,0.0009996891021728516
0.8865147643955199,0.02951645851135254,0.0019998550415039062,0.0010001659393310547
0.8865147643955199,0.029000043869018555,0.002000093460083008,0.0019998550415039062
0.8865147643955199,0.02900409698486328,0.0019965171813964844,0.001999378204345703
0.8865147643955199,0.028513431549072266,0.002000093460083008,0.0019998550415039062
0.8865147643955199,0.02900099754333496,0.0020034313201904297,0.0019958019256591797
0.45747313401002065,0.02700018882751465,0.0019998550415039062,0.0009999275207519531
0.45747313401002065,0.027517080307006836,0.0019996166229248047,0.0010001659393310547
0.45747313401002065,0.026999950408935547,0.002000093460083008,0.0010046958923339844
0.45747313401002065,0.026995182037353516,0.0019998550415039062,0.0020003318786621094
0.45747313401002065,0.026004552841186523,0.0019998550415039062,0.0020003318786621094
0.45747313401002065,0.026508331298828125,0.002000570297241211,0.0009999275207519531
0.45747313401002065,0.02700018882751465,0.0019998550415039062,0.0009999275207519531
0.45747313401002065,0.027004003524780273,0.001996278762817383,0.0009996891021728516
0.45747313401002065,0.027515888214111328,0.0020003318786621094,0.0009996891021728516
0.45747313401002065,0.02700018882751465,0.0020012855529785156,0.0019986629486083984
0.5361124828017193,0.028001785278320312,0.002000570297241211,0.0019981861114501953
0.5361124828017193,0.027516841888427734,0.0020012855529785156,0.0009989738464355469
0.5361124828017193,0.0279996395111084,0.0019998550415039062,0.002000570297241211
0.5361124828017193,0.027999401092529297,0.002004384994506836,0.0009961128234863281
0.5361124828017193,0.027004003524780273,0.002516031265258789,0.0009951591491699219
0.5361124828017193,0.0279998779296875,0.002000570297241211,0.0019998550415039062
0.5361124828017193,0.028004169464111328,0.001995563507080078,0.0010006427764892578
0.5361124828017193,0.028003931045532227,0.0019998550415039062,0.002000093460083008
0.5361124828017193,0.027508974075317383,0.0019998550415039062,0.0020003318786621094
0.5361124828017193,0.0279996395111084,0.0020020008087158203,0.000997781753540039
